{
  "project_info": {
    "project_number": "696133744789",
    "project_id": "empoverty-27c52",
    "storage_bucket": "empoverty-27c52.appspot.com"
  },
  "client": [
    {
      "client_info": {
        "mobilesdk_app_id": "1:696133744789:android:540d3fac20941f0791c39c",
        "android_client_info": {
          "package_name": "com.empoverty.empoverty"
        }
      },
      "oauth_client": [],
      "api_key": [
        {
          "current_key": "AIzaSyBC0OVuulkgTPO9PLMnUnZQ7K2l4zXxjv8"
        }
      ],
      "services": {
        "appinvite_service": {
          "other_platform_oauth_client": []
        }
      }
    }
  ],
  "configuration_version": "1"
}