{"flutter":{"platforms":{"android":{"default":{"projectId":"empoverty-27c52","appId":"1:696133744789:android:540d3fac20941f0791c39c","fileOutput":"android/app/google-services.json"}},"ios":{"default":{"projectId":"empoverty-27c52","appId":"1:696133744789:ios:16012422816f444391c39c","uploadDebugSymbols":false,"fileOutput":"ios/Runner/GoogleService-Info.plist"}},"dart":{"lib/firebase_options.dart":{"projectId":"empoverty-27c52","configurations":{"android":"1:696133744789:android:540d3fac20941f0791c39c","ios":"1:696133744789:ios:16012422816f444391c39c","macos":"1:696133744789:ios:1781bd2518e91bad91c39c","web":"1:696133744789:web:295b1134e1e9253791c39c","windows":"1:696133744789:web:4dd4ad52a7cc6ba991c39c"}}}}}}